index,mid,display_name,groups
0,/m/09x0r,Speech,"Speech, Human Presence Sounds"
1,/m/0ytgt,"Child speech, kid speaking","Speech, Human Presence Sounds, Child Sounds"
2,/m/01h8n0,Conversation,"Speech, Human Presence Sounds, Social Interaction"
3,/m/02qldy,"Narration, monologue","Speech, Human Presence Sounds, Performance"
4,/m/0261r1,Babbling,"Speech, Human Presence Sounds, Child Sounds"
5,/m/0brhx,Speech synthesizer,"Speech, Artificial Sounds, Technology"
6,/m/07p6fty,Shout,"Speech, Human Presence Sounds, Emergency Sounds"
7,/m/07q4ntr,Bellow,"Speech, Human Presence Sounds, Emotional Expressions"
8,/m/07rwj3x,Whoop,"Speech, Human Presence Sounds, Celebratory Sounds"
9,/m/07sr1lc,Yell,"Speech, Human Presence Sounds, Emergency Sounds"
10,/t/dd00135,Children shouting,"Speech, Human Presence Sounds, Child Sounds, Outdoor Activities"
11,/m/03qc9zr,Screaming,"Speech, Human Presence Sounds, Emergency Sounds, Emotional Expressions"
12,/m/02rtxlg,Whispering,"Speech, Human Presence Sounds, Quiet Environments"
13,/m/01j3sz,Laughter,"Human Presence Sounds, Emotional Expressions, Social Interaction"
14,/t/dd00001,Baby laughter,"Human Presence Sounds, Emotional Expressions, Child Sounds"
15,/m/07r660_,Giggle,"Human Presence Sounds, Emotional Expressions, Social Interaction"
16,/m/07s04w4,Snicker,"Human Presence Sounds, Emotional Expressions, Social Interaction"
17,/m/07sq110,Belly laugh,"Human Presence Sounds, Emotional Expressions, Social Interaction"
18,/m/07rgt08,"Chuckle, chortle","Human Presence Sounds, Emotional Expressions, Social Interaction"
19,/m/0463cq4,"Crying, sobbing","Human Presence Sounds, Emotional Expressions, Emergency Sounds"
20,/t/dd00002,"Baby cry, infant cry","Human Presence Sounds, Emotional Expressions, Child Sounds"
21,/m/07qz6j3,Whimper,"Human Presence Sounds, Emotional Expressions, Emergency Sounds"
22,/m/07qw_06,"Wail, moan","Human Presence Sounds, Emotional Expressions, Emergency Sounds"
23,/m/07plz5l,Sigh,"Human Presence Sounds, Emotional Expressions"
24,/m/015lz1,Singing,"Human Presence Sounds, Music, Performance"
25,/m/0l14jd,Choir,"Human Presence Sounds, Music, Performance, Group Activities"
26,/m/01swy6,Yodeling,"Human Presence Sounds, Music, Performance, Cultural Sounds"
27,/m/02bk07,Chant,"Human Presence Sounds, Music, Performance, Cultural Sounds, Group Activities"
28,/m/01c194,Mantra,"Human Presence Sounds, Cultural Sounds, Spiritual Activities"
29,/t/dd00005,Child singing,"Human Presence Sounds, Music, Performance, Child Sounds"
30,/t/dd00006,Synthetic singing,"Artificial Sounds, Music, Technology"
31,/m/06bxc,Rapping,"Human Presence Sounds, Music, Performance"
32,/m/02fxyj,Humming,"Human Presence Sounds, Music"
33,/m/07s2xch,Groan,"Human Presence Sounds, Emotional Expressions"
34,/m/07r4k75,Grunt,"Human Presence Sounds, Physical Activity"
35,/m/01w250,Whistling,"Human Presence Sounds, Music"
36,/m/0lyf6,Breathing,"Human Presence Sounds, Quiet Environments"
37,/m/07mzm6,Wheeze,"Human Presence Sounds, Medical Sounds"
38,/m/01d3sd,Snoring,"Human Presence Sounds, Sleep-related Sounds"
39,/m/07s0dtb,Gasp,"Human Presence Sounds, Emotional Expressions, Emergency Sounds"
40,/m/07pyy8b,Pant,"Human Presence Sounds, Physical Activity"
41,/m/07q0yl5,Snort,"Human Presence Sounds, Bodily Functions"
42,/m/01b_21,Cough,"Human Presence Sounds, Medical Sounds"
43,/m/0dl9sf8,Throat clearing,"Human Presence Sounds, Bodily Functions"
44,/m/01hsr_,Sneeze,"Human Presence Sounds, Bodily Functions"
45,/m/07ppn3j,Sniff,"Human Presence Sounds, Bodily Functions"
46,/m/06h7j,Run,"Human Presence Sounds, Physical Activity, Outdoor Activities"
47,/m/07qv_x_,Shuffle,"Human Presence Sounds, Physical Activity"
48,/m/07pbtc8,"Walk, footsteps","Human Presence Sounds, Physical Activity, Indoor Sounds, Outdoor Sounds"
49,/m/03cczk,"Chewing, mastication","Human Presence Sounds, Eating Sounds"
50,/m/07pdhp0,Biting,"Human Presence Sounds, Eating Sounds"
51,/m/0939n_,Gargling,"Human Presence Sounds, Bathroom Sounds"
52,/m/01g90h,Stomach rumble,"Human Presence Sounds, Bodily Functions"
53,/m/03q5_w,"Burping, eructation","Human Presence Sounds, Bodily Functions"
54,/m/02p3nc,Hiccup,"Human Presence Sounds, Bodily Functions"
55,/m/02_nn,Fart,"Human Presence Sounds, Bodily Functions"
56,/m/0k65p,Hands,"Human Presence Sounds, Physical Activity"
57,/m/025_jnm,Finger snapping,"Human Presence Sounds, Music, Performance"
58,/m/0l15bq,Clapping,"Human Presence Sounds, Celebratory Sounds, Performance, Group Activities"
59,/m/01jg02,"Heart sounds, heartbeat","Human Presence Sounds, Medical Sounds"
60,/m/01jg1z,Heart murmur,"Human Presence Sounds, Medical Sounds"
61,/m/053hz1,Cheering,"Human Presence Sounds, Celebratory Sounds, Group Activities, Outdoor Activities"
62,/m/028ght,Applause,"Human Presence Sounds, Celebratory Sounds, Performance, Group Activities"
63,/m/07rkbfh,Chatter,"Human Presence Sounds, Social Interaction"
64,/m/03qtwd,Crowd,"Human Presence Sounds, Group Activities, Outdoor Activities, Indoor Public Spaces"
65,/m/07qfr4h,"Hubbub, speech noise, speech babble","Human Presence Sounds, Social Interaction, Group Activities"
66,/t/dd00013,Children playing,"Human Presence Sounds, Child Sounds, Outdoor Activities, Social Interaction"
67,/m/0jbk,Animal,"Animal Sounds, Nature Sounds"
68,/m/068hy,"Domestic animals, pets","Animal Sounds, Household Sounds"
69,/m/0bt9lr,Dog,"Animal Sounds, Household Sounds"
70,/m/05tny_,Bark,"Animal Sounds, Household Sounds, Alert Sounds"
71,/m/07r_k2n,Yip,"Animal Sounds, Household Sounds"
72,/m/07qf0zm,Howl,"Animal Sounds, Nature Sounds"
73,/m/07rc7d9,Bow-wow,"Animal Sounds, Household Sounds"
74,/m/0ghcn6,Growling,"Animal Sounds, Alert Sounds"
75,/t/dd00136,Whimper (dog),"Animal Sounds, Household Sounds"
76,/m/01yrx,Cat,"Animal Sounds, Household Sounds"
77,/m/02yds9,Purr,"Animal Sounds, Household Sounds"
78,/m/07qrkrw,Meow,"Animal Sounds, Household Sounds"
79,/m/07rjwbb,Hiss,"Animal Sounds, Alert Sounds"
80,/m/07r81j2,Caterwaul,"Animal Sounds, Household Sounds"
81,/m/0ch8v,"Livestock, farm animals, working animals","Animal Sounds, Rural Sounds, Agricultural Sounds"
82,/m/03k3r,Horse,"Animal Sounds, Rural Sounds, Transportation Sounds"
83,/m/07rv9rh,Clip-clop,"Animal Sounds, Rural Sounds, Transportation Sounds"
84,/m/07q5rw0,"Neigh, whinny","Animal Sounds, Rural Sounds"
85,/m/01xq0k1,"Cattle, bovinae","Animal Sounds, Rural Sounds, Agricultural Sounds"
86,/m/07rpkh9,Moo,"Animal Sounds, Rural Sounds, Agricultural Sounds"
87,/m/0239kh,Cowbell,"Animal Sounds, Rural Sounds, Agricultural Sounds, Musical Instruments"
88,/m/068zj,Pig,"Animal Sounds, Rural Sounds, Agricultural Sounds"
89,/t/dd00018,Oink,"Animal Sounds, Rural Sounds, Agricultural Sounds"
90,/m/03fwl,Goat,"Animal Sounds, Rural Sounds, Agricultural Sounds"
91,/m/07q0h5t,Bleat,"Animal Sounds, Rural Sounds, Agricultural Sounds"
92,/m/07bgp,Sheep,"Animal Sounds, Rural Sounds, Agricultural Sounds"
93,/m/025rv6n,Fowl,"Animal Sounds, Rural Sounds, Agricultural Sounds"
94,/m/09b5t,"Chicken, rooster","Animal Sounds, Rural Sounds, Agricultural Sounds"
95,/m/07st89h,Cluck,"Animal Sounds, Rural Sounds, Agricultural Sounds"
96,/m/07qn5dc,"Crowing, cock-a-doodle-doo","Animal Sounds, Rural Sounds, Agricultural Sounds"
97,/m/01rd7k,Turkey,"Animal Sounds, Rural Sounds, Agricultural Sounds"
98,/m/07svc2k,Gobble,"Animal Sounds, Rural Sounds, Agricultural Sounds"
99,/m/09ddx,Duck,"Animal Sounds, Rural Sounds, Agricultural Sounds, Nature Sounds"
100,/m/07qdb04,Quack,"Animal Sounds, Rural Sounds, Agricultural Sounds, Nature Sounds"
101,/m/0dbvp,Goose,"Animal Sounds, Rural Sounds, Agricultural Sounds, Nature Sounds"
102,/m/07qwf61,Honk,"Animal Sounds, Rural Sounds, Agricultural Sounds, Nature Sounds, Alert Sounds"
103,/m/01280g,Wild animals,"Animal Sounds, Nature Sounds"
104,/m/0cdnk,"Roaring cats (lions, tigers)","Animal Sounds, Nature Sounds, Zoo Sounds"
105,/m/04cvmfc,Roar,"Animal Sounds, Nature Sounds, Zoo Sounds"
106,/m/015p6,Bird,"Animal Sounds, Nature Sounds"
107,/m/020bb7,"Bird vocalization, bird call, bird song","Animal Sounds, Nature Sounds"
108,/m/07pggtn,"Chirp, tweet","Animal Sounds, Nature Sounds"
109,/m/07sx8x_,Squawk,"Animal Sounds, Nature Sounds"
110,/m/0h0rv,"Pigeon, dove","Animal Sounds, Nature Sounds, Urban Sounds"
111,/m/07r_25d,Coo,"Animal Sounds, Nature Sounds, Urban Sounds"
112,/m/04s8yn,Crow,"Animal Sounds, Nature Sounds, Urban Sounds"
113,/m/07r5c2p,Caw,"Animal Sounds, Nature Sounds, Urban Sounds"
114,/m/09d5_,Owl,"Animal Sounds, Nature Sounds"
115,/m/07r_80w,Hoot,"Animal Sounds, Nature Sounds"
116,/m/05_wcq,"Bird flight, flapping wings","Animal Sounds, Nature Sounds"
117,/m/01z5f,"Canidae, dogs, wolves","Animal Sounds, Nature Sounds"
118,/m/06hps,"Rodents, rats, mice","Animal Sounds, Nature Sounds, Urban Sounds"
119,/m/04rmv,Mouse,"Animal Sounds, Nature Sounds, Urban Sounds"
120,/m/07r4gkf,Patter,"Animal Sounds, Nature Sounds, Urban Sounds"
121,/m/03vt0,Insect,"Animal Sounds, Nature Sounds"
122,/m/09xqv,Cricket,"Animal Sounds, Nature Sounds"
123,/m/09f96,Mosquito,"Animal Sounds, Nature Sounds"
124,/m/0h2mp,"Fly, housefly","Animal Sounds, Nature Sounds, Urban Sounds, Household Sounds"
125,/m/07pjwq1,Buzz,"Animal Sounds, Nature Sounds"
126,/m/01h3n,"Bee, wasp, etc.","Animal Sounds, Nature Sounds"
127,/m/09ld4,Frog,"Animal Sounds, Nature Sounds"
128,/m/07st88b,Croak,"Animal Sounds, Nature Sounds"
129,/m/078jl,Snake,"Animal Sounds, Nature Sounds"
130,/m/07qn4z3,Rattle,"Animal Sounds, Nature Sounds"
131,/m/032n05,Whale vocalization,"Animal Sounds, Nature Sounds, Water Sounds"
132,/m/04rlf,Music,"Music, Performance, Entertainment"
133,/m/04szw,Musical instrument,"Music, Performance, Entertainment"
134,/m/0fx80y,Plucked string instrument,"Music, Musical Instruments"
135,/m/0342h,Guitar,"Music, Musical Instruments"
136,/m/02sgy,Electric guitar,"Music, Musical Instruments, Electric Sounds"
137,/m/018vs,Bass guitar,"Music, Musical Instruments, Electric Sounds"
138,/m/042v_gx,Acoustic guitar,"Music, Musical Instruments"
139,/m/06w87,"Steel guitar, slide guitar","Music, Musical Instruments"
140,/m/01glhc,Tapping (guitar technique),"Music, Musical Instruments, Performance Techniques"
141,/m/07s0s5r,Strum,"Music, Musical Instruments"
142,/m/018j2,Banjo,"Music, Musical Instruments"
143,/m/0jtg0,Sitar,"Music, Musical Instruments, Cultural Sounds"
144,/m/04rzd,Mandolin,"Music, Musical Instruments"
145,/m/01bns_,Zither,"Music, Musical Instruments, Cultural Sounds"
146,/m/07xzm,Ukulele,"Music, Musical Instruments"
147,/m/05148p4,Keyboard (musical),"Music, Musical Instruments"
148,/m/05r5c,Piano,"Music, Musical Instruments"
149,/m/01s0ps,Electric piano,"Music, Musical Instruments, Electric Sounds"
150,/m/013y1f,Organ,"Music, Musical Instruments"
151,/m/03xq_f,Electronic organ,"Music, Musical Instruments, Electric Sounds"
152,/m/03gvt,Hammond organ,"Music, Musical Instruments, Electric Sounds"
153,/m/0l14qv,Synthesizer,"Music, Musical Instruments, Electric Sounds, Technology"
154,/m/01v1d8,Sampler,"Music, Musical Instruments, Electric Sounds, Technology"
155,/m/03q5t,Harpsichord,"Music, Musical Instruments"
156,/m/0l14md,Percussion,"Music, Musical Instruments"
157,/m/02hnl,Drum kit,"Music, Musical Instruments"
158,/m/0cfdd,Drum machine,"Music, Musical Instruments, Electric Sounds, Technology"
159,/m/026t6,Drum,"Music, Musical Instruments"
160,/m/06rvn,Snare drum,"Music, Musical Instruments"
161,/m/03t3fj,Rimshot,"Music, Musical Instruments"
162,/m/02k_mr,Drum roll,"Music, Musical Instruments"
163,/m/0bm02,Bass drum,"Music, Musical Instruments"
164,/m/011k_j,Timpani,"Music, Musical Instruments"
165,/m/01p970,Tabla,"Music, Musical Instruments, Cultural Sounds"
166,/m/01qbl,Cymbal,"Music, Musical Instruments"
167,/m/03qtq,Hi-hat,"Music, Musical Instruments"
168,/m/01sm1g,Wood block,"Music, Musical Instruments"
169,/m/07brj,Tambourine,"Music, Musical Instruments"
170,/m/05r5wn,Rattle (instrument),"Music, Musical Instruments"
171,/m/0xzly,Maraca,"Music, Musical Instruments, Cultural Sounds"
172,/m/0mbct,Gong,"Music, Musical Instruments, Cultural Sounds"
173,/m/016622,Tubular bells,"Music, Musical Instruments"
174,/m/0j45pbj,Mallet percussion,"Music, Musical Instruments"
175,/m/0dwsp,"Marimba, xylophone","Music, Musical Instruments"
176,/m/0dwtp,Glockenspiel,"Music, Musical Instruments"
177,/m/0dwt5,Vibraphone,"Music, Musical Instruments"
178,/m/0l156b,Steelpan,"Music, Musical Instruments, Cultural Sounds"
179,/m/05pd6,Orchestra,"Music, Musical Instruments, Performance, Group Activities"
180,/m/01kcd,Brass instrument,"Music, Musical Instruments"
181,/m/0319l,French horn,"Music, Musical Instruments"
182,/m/07gql,Trumpet,"Music, Musical Instruments"
183,/m/07c6l,Trombone,"Music, Musical Instruments"
184,/m/0l14_3,Bowed string instrument,"Music, Musical Instruments"
185,/m/02qmj0d,String section,"Music, Musical Instruments, Performance, Group Activities"
186,/m/07y_7,"Violin, fiddle","Music, Musical Instruments"
187,/m/0d8_n,Pizzicato,"Music, Musical Instruments, Performance Techniques"
188,/m/01xqw,Cello,"Music, Musical Instruments"
189,/m/02fsn,Double bass,"Music, Musical Instruments"
190,/m/085jw,"Wind instrument, woodwind instrument","Music, Musical Instruments"
191,/m/0l14j_,Flute,"Music, Musical Instruments"
192,/m/06ncr,Saxophone,"Music, Musical Instruments"
193,/m/01wy6,Clarinet,"Music, Musical Instruments"
194,/m/03m5k,Harp,"Music, Musical Instruments"
195,/m/0395lw,Bell,"Music, Musical Instruments, Alert Sounds"
196,/m/03w41f,Church bell,"Music, Musical Instruments, Cultural Sounds, Religious Sounds"
197,/m/027m70_,Jingle bell,"Music, Musical Instruments, Celebratory Sounds"
198,/m/0gy1t2s,Bicycle bell,"Transportation Sounds, Alert Sounds"
199,/m/07n_g,Tuning fork,"Music, Musical Instruments"
200,/m/0f8s22,Chime,"Music, Musical Instruments, Household Sounds"
201,/m/026fgl,Wind chime,"Music, Nature Sounds, Household Sounds"
202,/m/0150b9,Change ringing (campanology),"Music, Cultural Sounds, Religious Sounds"
203,/m/03qjg,Harmonica,"Music, Musical Instruments"
204,/m/0mkg,Accordion,"Music, Musical Instruments"
205,/m/0192l,Bagpipes,"Music, Musical Instruments, Cultural Sounds"
206,/m/02bxd,Didgeridoo,"Music, Musical Instruments, Cultural Sounds"
207,/m/0l14l2,Shofar,"Music, Musical Instruments, Cultural Sounds, Religious Sounds"
208,/m/07kc_,Theremin,"Music, Musical Instruments, Electric Sounds"
209,/m/0l14t7,Singing bowl,"Music, Musical Instruments, Cultural Sounds, Spiritual Activities"
210,/m/01hgjl,Scratching (performance technique),"Music, Performance Techniques"
211,/m/064t9,Pop music,"Music, Entertainment"
212,/m/0glt670,Hip hop music,"Music, Entertainment, Cultural Sounds"
213,/m/02cz_7,Beatboxing,"Music, Performance Techniques, Human Presence Sounds"
214,/m/06by7,Rock music,"Music, Entertainment"
215,/m/03lty,Heavy metal,"Music, Entertainment"
216,/m/05r6t,Punk rock,"Music, Entertainment, Cultural Sounds"
217,/m/0dls3,Grunge,"Music, Entertainment, Cultural Sounds"
218,/m/0dl5d,Progressive rock,"Music, Entertainment"
219,/m/07sbbz2,Rock and roll,"Music, Entertainment, Cultural Sounds"
220,/m/05w3f,Psychedelic rock,"Music, Entertainment, Cultural Sounds"
221,/m/06j6l,Rhythm and blues,"Music, Entertainment, Cultural Sounds"
222,/m/0gywn,Soul music,"Music, Entertainment, Cultural Sounds"
223,/m/06cqb,Reggae,"Music, Entertainment, Cultural Sounds"
224,/m/01lyv,Country,"Music, Entertainment, Cultural Sounds"
225,/m/015y_n,Swing music,"Music, Entertainment, Cultural Sounds"
226,/m/0gg8l,Bluegrass,"Music, Entertainment, Cultural Sounds"
227,/m/02x8m,Funk,"Music, Entertainment, Cultural Sounds"
228,/m/02w4v,Folk music,"Music, Entertainment, Cultural Sounds"
229,/m/06j64v,Middle Eastern music,"Music, Entertainment, Cultural Sounds"
230,/m/03_d0,Jazz,"Music, Entertainment, Cultural Sounds"
231,/m/026z9,Disco,"Music, Entertainment, Cultural Sounds"
232,/m/0ggq0m,Classical music,"Music, Entertainment, Cultural Sounds"
233,/m/05lls,Opera,"Music, Entertainment, Cultural Sounds, Performance"
234,/m/02lkt,Electronic music,"Music, Entertainment, Electric Sounds, Technology"
235,/m/03mb9,House music,"Music, Entertainment, Electric Sounds"
236,/m/07gxw,Techno,"Music, Entertainment, Electric Sounds"
237,/m/07s72n,Dubstep,"Music, Entertainment, Electric Sounds"
238,/m/0283d,Drum and bass,"Music, Entertainment, Electric Sounds"
239,/m/0m0jc,Electronica,"Music, Entertainment, Electric Sounds"
240,/m/08cyft,Electronic dance music,"Music, Entertainment, Electric Sounds"
241,/m/0fd3y,Ambient music,"Music, Entertainment, Electric Sounds"
242,/m/07lnk,Trance music,"Music, Entertainment, Electric Sounds"
243,/m/0g293,Music of Latin America,"Music, Entertainment, Cultural Sounds"
244,/m/0ln16,Salsa music,"Music, Entertainment, Cultural Sounds"
245,/m/0326g,Flamenco,"Music, Entertainment, Cultural Sounds"
246,/m/0155w,Blues,"Music, Entertainment, Cultural Sounds"
247,/m/05fw6t,Music for children,"Music, Entertainment, Child Sounds"
248,/m/02v2lh,New-age music,"Music, Entertainment, Cultural Sounds"
249,/m/0y4f8,Vocal music,"Music, Entertainment, Human Presence Sounds"
250,/m/0z9c,A capella,"Music, Entertainment, Human Presence Sounds"
251,/m/0164x2,Music of Africa,"Music, Entertainment, Cultural Sounds"
252,/m/0145m,Afrobeat,"Music, Entertainment, Cultural Sounds"
253,/m/02mscn,Christian music,"Music, Entertainment, Cultural Sounds, Religious Sounds"
254,/m/016cjb,Gospel music,"Music, Entertainment, Cultural Sounds, Religious Sounds"
255,/m/028sqc,Music of Asia,"Music, Entertainment, Cultural Sounds"
256,/m/015vgc,Carnatic music,"Music, Entertainment, Cultural Sounds"
257,/m/0dq0md,Music of Bollywood,"Music, Entertainment, Cultural Sounds"
258,/m/06rqw,Ska,"Music, Entertainment, Cultural Sounds"
259,/m/02p0sh1,Traditional music,"Music, Entertainment, Cultural Sounds"
260,/m/05rwpb,Independent music,"Music, Entertainment"
261,/m/074ft,Song,"Music, Entertainment, Human Presence Sounds"
262,/m/025td0t,Background music,"Music, Entertainment, Ambient Sounds"
263,/m/02cjck,Theme music,"Music, Entertainment, Media Sounds"
264,/m/03r5q_,Jingle (music),"Music, Entertainment, Media Sounds, Advertising"
265,/m/0l14gg,Soundtrack music,"Music, Entertainment, Media Sounds"
266,/m/07pkxdp,Lullaby,"Music, Entertainment, Child Sounds"
267,/m/01z7dr,Video game music,"Music, Entertainment, Media Sounds, Technology"
268,/m/0140xf,Christmas music,"Music, Entertainment, Cultural Sounds, Celebratory Sounds"
269,/m/0ggx5q,Dance music,"Music, Entertainment, Physical Activity"
270,/m/04wptg,Wedding music,"Music, Entertainment, Cultural Sounds, Celebratory Sounds"
271,/t/dd00031,Happy music,"Music, Entertainment, Emotional Expressions"
272,/t/dd00033,Sad music,"Music, Entertainment, Emotional Expressions"
273,/t/dd00034,Tender music,"Music, Entertainment, Emotional Expressions"
274,/t/dd00035,Exciting music,"Music, Entertainment, Emotional Expressions"
275,/t/dd00036,Angry music,"Music, Entertainment, Emotional Expressions"
276,/t/dd00037,Scary music,"Music, Entertainment, Emotional Expressions"
277,/m/03m9d0z,Wind,"Nature Sounds, Weather Sounds"
278,/m/09t49,Rustling leaves,"Nature Sounds, Weather Sounds"
279,/t/dd00092,Wind noise (microphone),"Nature Sounds, Weather Sounds, Technical Sounds"
280,/m/0jb2l,Thunderstorm,"Nature Sounds, Weather Sounds"
281,/m/0ngt1,Thunder,"Nature Sounds, Weather Sounds"
282,/m/0838f,Water,"Nature Sounds, Water Sounds"
283,/m/06mb1,Rain,"Nature Sounds, Water Sounds, Weather Sounds"
284,/m/07r10fb,Raindrop,"Nature Sounds, Water Sounds, Weather Sounds"
285,/t/dd00038,Rain on surface,"Nature Sounds, Water Sounds, Weather Sounds"
286,/m/0j6m2,Stream,"Nature Sounds, Water Sounds"
287,/m/0j2kx,Waterfall,"Nature Sounds, Water Sounds"
288,/m/05kq4,Ocean,"Nature Sounds, Water Sounds"
289,/m/034srq,"Waves, surf","Nature Sounds, Water Sounds"
290,/m/06wzb,Steam,"Nature Sounds, Water Sounds, Industrial Sounds"
291,/m/07swgks,Gurgling,"Nature Sounds, Water Sounds"
292,/m/02_41,Fire,"Nature Sounds, Disaster Sounds"
293,/m/07pzfmf,Crackle,"Nature Sounds, Fire Sounds"
294,/m/07yv9,Vehicle,"Transportation Sounds, Urban Sounds"
295,/m/019jd,"Boat, Water vehicle","Transportation Sounds, Water Sounds"
296,/m/0hsrw,"Sailboat, sailing ship","Transportation Sounds, Water Sounds"
297,/m/056ks2,"Rowboat, canoe, kayak","Transportation Sounds, Water Sounds, Outdoor Activities"
298,/m/02rlv9,"Motorboat, speedboat","Transportation Sounds, Water Sounds"
299,/m/06q74,Ship,"Transportation Sounds, Water Sounds"
300,/m/012f08,Motor vehicle (road),"Transportation Sounds, Urban Sounds"
301,/m/0k4j,Car,"Transportation Sounds, Urban Sounds"
302,/m/0912c9,"Vehicle horn, car horn, honking","Transportation Sounds, Urban Sounds, Alert Sounds"
303,/m/07qv_d5,Toot,"Transportation Sounds, Urban Sounds, Alert Sounds"
304,/m/02mfyn,Car alarm,"Transportation Sounds, Urban Sounds, Alert Sounds"
305,/m/04gxbd,"Power windows, electric windows","Transportation Sounds, Electric Sounds"
306,/m/07rknqz,Skidding,"Transportation Sounds, Urban Sounds"
307,/m/0h9mv,Tire squeal,"Transportation Sounds, Urban Sounds"
308,/t/dd00134,Car passing by,"Transportation Sounds, Urban Sounds"
309,/m/0ltv,"Race car, auto racing","Transportation Sounds, Sports Sounds"
310,/m/07r04,Truck,"Transportation Sounds, Urban Sounds"
311,/m/0gvgw0,Air brake,"Transportation Sounds, Urban Sounds"
312,/m/05x_td,"Air horn, truck horn","Transportation Sounds, Urban Sounds, Alert Sounds"
313,/m/02rhddq,Reversing beeps,"Transportation Sounds, Urban Sounds, Alert Sounds"
314,/m/03cl9h,"Ice cream truck, ice cream van","Transportation Sounds, Urban Sounds, Food-related Sounds"
315,/m/01bjv,Bus,"Transportation Sounds, Urban Sounds"
316,/m/03j1ly,Emergency vehicle,"Transportation Sounds, Urban Sounds, Emergency Sounds"
317,/m/04qvtq,Police car (siren),"Transportation Sounds, Urban Sounds, Emergency Sounds, Alert Sounds"
318,/m/012n7d,Ambulance (siren),"Transportation Sounds, Urban Sounds, Emergency Sounds, Alert Sounds"
319,/m/012ndj,"Fire engine, fire truck (siren)","Transportation Sounds, Urban Sounds, Emergency Sounds, Alert Sounds"
320,/m/04_sv,Motorcycle,"Transportation Sounds, Urban Sounds"
321,/m/0btp2,"Traffic noise, roadway noise","Transportation Sounds, Urban Sounds, Ambient Noise"
322,/m/06d_3,Rail transport,"Transportation Sounds, Urban Sounds"
323,/m/07jdr,Train,"Transportation Sounds, Urban Sounds"
324,/m/04zmvq,Train whistle,"Transportation Sounds, Urban Sounds, Alert Sounds"
325,/m/0284vy3,Train horn,"Transportation Sounds, Urban Sounds, Alert Sounds"
326,/m/01g50p,"Railroad car, train wagon","Transportation Sounds, Urban Sounds"
327,/t/dd00048,Train wheels squealing,"Transportation Sounds, Urban Sounds"
328,/m/0195fx,"Subway, metro, underground","Transportation Sounds, Urban Sounds"
329,/m/0k5j,Aircraft,"Transportation Sounds, Urban Sounds, Air Travel"
330,/m/014yck,Aircraft engine,"Transportation Sounds, Urban Sounds, Air Travel"
331,/m/04229,Jet engine,"Transportation Sounds, Urban Sounds, Air Travel"
332,/m/02l6bg,"Propeller, airscrew","Transportation Sounds, Air Travel"
333,/m/09ct_,Helicopter,"Transportation Sounds, Urban Sounds, Air Travel"
334,/m/0cmf2,"Fixed-wing aircraft, airplane","Transportation Sounds, Urban Sounds, Air Travel"
335,/m/0199g,Bicycle,"Transportation Sounds, Urban Sounds, Outdoor Activities"
336,/m/06_fw,Skateboard,"Transportation Sounds, Urban Sounds, Outdoor Activities"
337,/m/02mk9,Engine,"Transportation Sounds, Mechanical Sounds"
338,/t/dd00065,Light engine (high frequency),"Transportation Sounds, Mechanical Sounds"
339,/m/08j51y,"Dental drill, dentist's drill","Medical Sounds, Mechanical Sounds"
340,/m/01yg9g,Lawn mower,"Outdoor Sounds, Mechanical Sounds, Urban Sounds"
341,/m/01j4z9,Chainsaw,"Outdoor Sounds, Mechanical Sounds, Tools"
342,/t/dd00066,Medium engine (mid frequency),"Transportation Sounds, Mechanical Sounds"
343,/t/dd00067,Heavy engine (low frequency),"Transportation Sounds, Mechanical Sounds"
344,/m/01h82_,Engine knocking,"Transportation Sounds, Mechanical Sounds, Alert Sounds"
345,/t/dd00130,Engine starting,"Transportation Sounds, Mechanical Sounds"
346,/m/07pb8fc,Idling,"Transportation Sounds, Mechanical Sounds"
347,/m/07q2z82,"Accelerating, revving, vroom","Transportation Sounds, Mechanical Sounds"
348,/m/02dgv,Door,"Household Sounds, Mechanical Sounds"
349,/m/03wwcy,Doorbell,"Household Sounds, Alert Sounds"
350,/m/07r67yg,Ding-dong,"Household Sounds, Alert Sounds"
351,/m/02y_763,Sliding door,"Household Sounds, Mechanical Sounds"
352,/m/07rjzl8,Slam,"Household Sounds, Impact Sounds"
353,/m/07r4wb8,Knock,"Household Sounds, Human Presence Sounds"
354,/m/07qcpgn,Tap,"Household Sounds, Human Presence Sounds"
355,/m/07q6cd_,Squeak,"Household Sounds, Mechanical Sounds"
356,/m/0642b4,Cupboard open or close,"Household Sounds, Mechanical Sounds"
357,/m/0fqfqc,Drawer open or close,"Household Sounds, Mechanical Sounds"
358,/m/04brg2,"Dishes, pots, and pans","Household Sounds, Kitchen Sounds"
359,/m/023pjk,"Cutlery, silverware","Household Sounds, Kitchen Sounds"
360,/m/07pn_8q,Chopping (food),"Household Sounds, Kitchen Sounds, Food-related Sounds"
361,/m/0dxrf,Frying (food),"Household Sounds, Kitchen Sounds, Food-related Sounds"
362,/m/0fx9l,Microwave oven,"Household Sounds, Kitchen Sounds, Electric Sounds"
363,/m/02pjr4,Blender,"Household Sounds, Kitchen Sounds, Electric Sounds"
364,/m/02jz0l,"Water tap, faucet","Household Sounds, Water Sounds"
365,/m/0130jx,Sink (filling or washing),"Household Sounds, Water Sounds"
366,/m/03dnzn,Bathtub (filling or washing),"Household Sounds, Water Sounds, Bathroom Sounds"
367,/m/03wvsk,Hair dryer,"Household Sounds, Electric Sounds, Bathroom Sounds"
368,/m/01jt3m,Toilet flush,"Household Sounds, Water Sounds, Bathroom Sounds"
369,/m/012xff,Toothbrush,"Household Sounds, Bathroom Sounds"
370,/m/04fgwm,Electric toothbrush,"Household Sounds, Bathroom Sounds, Electric Sounds"
371,/m/0d31p,Vacuum cleaner,"Household Sounds, Electric Sounds"
372,/m/01s0vc,Zipper (clothing),"Household Sounds, Clothing Sounds"
373,/m/03v3yw,Keys jangling,"Household Sounds, Human Presence Sounds"
374,/m/0242l,Coin (dropping),"Household Sounds, Money Sounds"
375,/m/01lsmm,Scissors,"Household Sounds, Tools"
376,/m/02g901,"Electric shaver, electric razor","Household Sounds, Electric Sounds, Bathroom Sounds"
377,/m/05rj2,Shuffling cards,"Household Sounds, Game Sounds"
378,/m/0316dw,Typing,"Household Sounds, Office Sounds, Technology"
379,/m/0c2wf,Typewriter,"Household Sounds, Office Sounds, Mechanical Sounds"
380,/m/01m2v,Computer keyboard,"Household Sounds, Office Sounds, Technology"
381,/m/081rb,Writing,"Household Sounds, Office Sounds, Human Presence Sounds"
382,/m/07pp_mv,Alarm,"Household Sounds, Alert Sounds"
383,/m/07cx4,Telephone,"Household Sounds, Communication Sounds, Technology"
384,/m/07pp8cl,Telephone bell ringing,"Household Sounds, Communication Sounds, Alert Sounds"
385,/m/01hnzm,Ringtone,"Household Sounds, Communication Sounds, Alert Sounds, Technology"
386,/m/02c8p,"Telephone dialing, DTMF","Household Sounds, Communication Sounds, Technology"
387,/m/015jpf,Dial tone,"Household Sounds, Communication Sounds, Technology"
388,/m/01z47d,Busy signal,"Household Sounds, Communication Sounds, Technology"
389,/m/046dlr,Alarm clock,"Household Sounds, Alert Sounds"
390,/m/03kmc9,Siren,"Alert Sounds, Emergency Sounds"
391,/m/0dgbq,Civil defense siren,"Alert Sounds, Emergency Sounds"
392,/m/030rvx,Buzzer,"Alert Sounds, Game Sounds"
393,/m/01y3hg,"Smoke detector, smoke alarm","Household Sounds, Alert Sounds, Safety Sounds"
394,/m/0c3f7m,Fire alarm,"Alert Sounds, Emergency Sounds, Safety Sounds"
395,/m/04fq5q,Foghorn,"Alert Sounds, Transportation Sounds, Water Sounds"
396,/m/0l156k,Whistle,"Alert Sounds, Human Presence Sounds, Sports Sounds"
397,/m/06hck5,Steam whistle,"Alert Sounds, Industrial Sounds"
398,/t/dd00077,Mechanisms,"Mechanical Sounds"
399,/m/02bm9n,"Ratchet, pawl","Mechanical Sounds, Tools"
400,/m/01x3z,Clock,"Household Sounds, Mechanical Sounds"
401,/m/07qjznt,Tick,"Household Sounds, Mechanical Sounds"
402,/m/07qjznl,Tick-tock,"Household Sounds, Mechanical Sounds"
403,/m/0l7xg,Gears,"Mechanical Sounds"
404,/m/05zc1,Pulleys,"Mechanical Sounds"
405,/m/0llzx,Sewing machine,"Household Sounds, Mechanical Sounds"
406,/m/02x984l,Mechanical fan,"Household Sounds, Mechanical Sounds"
407,/m/025wky1,Air conditioning,"Household Sounds, Mechanical Sounds, Electric Sounds"
408,/m/024dl,Cash register,"Mechanical Sounds, Money Sounds, Retail Sounds"
409,/m/01m4t,Printer,"Office Sounds, Technology, Electric Sounds"
410,/m/0dv5r,Camera,"Technology, Photography Sounds"
411,/m/07bjf,Single-lens reflex camera,"Technology, Photography Sounds"
412,/m/07k1x,Tools,"Mechanical Sounds, Construction Sounds"
413,/m/03l9g,Hammer,"Tools, Construction Sounds, Impact Sounds"
414,/m/03p19w,Jackhammer,"Tools, Construction Sounds, Mechanical Sounds"
415,/m/01b82r,Sawing,"Tools, Construction Sounds, Mechanical Sounds"
416,/m/02p01q,Filing (rasp),"Tools, Construction Sounds, Mechanical Sounds"
417,/m/023vsd,Sanding,"Tools, Construction Sounds, Mechanical Sounds"
418,/m/0_ksk,Power tool,"Tools, Construction Sounds, Electric Sounds"
419,/m/01d380,Drill,"Tools, Construction Sounds, Electric Sounds"
420,/m/014zdl,Explosion,"Impact Sounds, Disaster Sounds"
421,/m/032s66,"Gunshot, gunfire","Weapon Sounds, Impact Sounds"
422,/m/04zjc,Machine gun,"Weapon Sounds, Military Sounds"
423,/m/02z32qm,Fusillade,"Weapon Sounds, Military Sounds"
424,/m/0_1c,Artillery fire,"Weapon Sounds, Military Sounds"
425,/m/073cg4,Cap gun,"Weapon Sounds, Toy Sounds"
426,/m/0g6b5,Fireworks,"Celebratory Sounds, Explosion Sounds"
427,/g/122z_qxw,Firecracker,"Celebratory Sounds, Explosion Sounds"
428,/m/07qsvvw,"Burst, pop","Impact Sounds"
429,/m/07pxg6y,Eruption,"Nature Sounds, Disaster Sounds"
430,/m/07qqyl4,Boom,"Impact Sounds, Explosion Sounds"
431,/m/083vt,Wood,"Material Sounds, Construction Sounds"
432,/m/07pczhz,Chop,"Impact Sounds, Construction Sounds"
433,/m/07pl1bw,Splinter,"Impact Sounds, Material Sounds"
434,/m/07qs1cx,Crack,"Impact Sounds, Material Sounds"
435,/m/039jq,Glass,"Material Sounds"
436,/m/07q7njn,"Chink, clink","Impact Sounds, Material Sounds"
437,/m/07rn7sz,Shatter,"Impact Sounds, Material Sounds"
438,/m/04k94,Liquid,"Material Sounds, Water Sounds"
439,/m/07rrlb6,"Splash, splatter","Water Sounds, Impact Sounds"
440,/m/07p6mqd,Slosh,"Water Sounds"
441,/m/07qlwh6,Squish,"Material Sounds, Impact Sounds"
442,/m/07r5v4s,Drip,"Water Sounds"
443,/m/07prgkl,Pour,"Water Sounds, Liquid Sounds"
444,/m/07pqc89,"Trickle, dribble","Water Sounds, Liquid Sounds"
445,/t/dd00088,Gush,"Water Sounds, Liquid Sounds"
446,/m/07p7b8y,Fill (with liquid),"Water Sounds, Liquid Sounds"
447,/m/07qlf79,Spray,"Water Sounds, Liquid Sounds"
448,/m/07ptzwd,Pump (liquid),"Mechanical Sounds, Liquid Sounds"
449,/m/07ptfmf,Stir,"Liquid Sounds, Food-related Sounds"
450,/m/0dv3j,Boiling,"Liquid Sounds, Food-related Sounds"
451,/m/0790c,Sonar,"Water Sounds, Technology"
452,/m/0dl83,Arrow,"Weapon Sounds, Sports Sounds"
453,/m/07rqsjt,"Whoosh, swoosh, swish","Movement Sounds"
454,/m/07qnq_y,"Thump, thud","Impact Sounds"
455,/m/07rrh0c,Thunk,"Impact Sounds"
456,/m/0b_fwt,Electronic tuner,"Music, Technology"
457,/m/02rr_,Effects unit,"Music, Technology"
458,/m/07m2kt,Chorus effect,"Music, Technology"
459,/m/018w8,Basketball bounce,"Sports Sounds, Impact Sounds"
460,/m/07pws3f,Bang,"Impact Sounds"
461,/m/07ryjzk,"Slap, smack","Impact Sounds, Human Presence Sounds"
462,/m/07rdhzs,"Whack, thwack","Impact Sounds"
463,/m/07pjjrj,"Smash, crash","Impact Sounds"
464,/m/07pc8lb,Breaking,"Impact Sounds, Material Sounds"
465,/m/07pqn27,Bouncing,"Movement Sounds, Sports Sounds"
466,/m/07rbp7_,Whip,"Movement Sounds, Impact Sounds"
467,/m/07pyf11,Flap,"Movement Sounds"
468,/m/07qb_dv,Scratch,"Material Sounds, Human Presence Sounds"
469,/m/07qv4k0,Scrape,"Material Sounds, Human Presence Sounds"
470,/m/07pdjhy,Rub,"Material Sounds, Human Presence Sounds"
471,/m/07s8j8t,Roll,"Movement Sounds, Material Sounds"
472,/m/07plct2,Crushing,"Impact Sounds, Material Sounds"
473,/t/dd00112,"Crumpling, crinkling","Material Sounds, Human Presence Sounds"
474,/m/07qcx4z,Tearing,"Material Sounds, Human Presence Sounds"
475,/m/02fs_r,"Beep, bleep","Alert Sounds, Technology, Electric Sounds"
476,/m/07qwdck,Ping,"Alert Sounds, Technology, Electric Sounds"
477,/m/07phxs1,Ding,"Alert Sounds, Household Sounds"
478,/m/07rv4dm,Clang,"Impact Sounds, Material Sounds"
479,/m/07s02z0,Squeal,"Animal Sounds, Human Presence Sounds"
480,/m/07qh7jl,Creak,"Material Sounds, Household Sounds"
481,/m/07qwyj0,Rustle,"Nature Sounds, Material Sounds"
482,/m/07s34ls,Whir,"Mechanical Sounds, Electric Sounds"
483,/m/07qmpdm,Clatter,"Impact Sounds, Household Sounds"
484,/m/07p9k1k,Sizzle,"Food-related Sounds, Household Sounds"
485,/m/07qc9xj,Clicking,"Human Presence Sounds, Technology"
486,/m/07rwm0c,Clickety-clack,"Transportation Sounds, Mechanical Sounds"
487,/m/07phhsh,Rumble,"Nature Sounds, Transportation Sounds"
488,/m/07qyrcz,Plop,"Water Sounds, Impact Sounds"
489,/m/07qfgpx,"Jingle, tinkle","Musical Instruments, Alert Sounds"
490,/m/07rcgpl,Hum,"Mechanical Sounds, Electric Sounds"
491,/m/07p78v5,Zing,"Movement Sounds, Impact Sounds"
492,/t/dd00121,Boing,"Impact Sounds, Cartoon Sounds"
493,/m/07s12q4,Crunch,"Material Sounds, Food-related Sounds"
494,/m/028v0c,Silence,"Ambient Sounds, Recording Techniques"
495,/m/01v_m0,Sine wave,"Technology, Electric Sounds"
496,/m/0b9m1,Harmonic,"Music, Technology"
497,/m/0hdsk,Chirp tone,"Technology, Alert Sounds"
498,/m/0c1dj,Sound effect,"Entertainment, Media Sounds"
499,/m/07pt_g0,Pulse,"Technology, Medical Sounds"
500,/t/dd00125,"Inside, small room","Acoustic Environment, Indoor Sounds"
501,/t/dd00126,"Inside, large room or hall","Acoustic Environment, Indoor Sounds"
502,/t/dd00127,"Inside, public space","Acoustic Environment, Indoor Sounds, Human Presence Sounds"
503,/t/dd00128,"Outside, urban or manmade","Acoustic Environment, Urban Sounds"
504,/t/dd00129,"Outside, rural or natural","Acoustic Environment, Nature Sounds"
505,/m/01b9nn,Reverberation,"Acoustic Environment, Recording Techniques"
506,/m/01jnbd,Echo,"Acoustic Environment, Nature Sounds"
507,/m/096m7z,Noise,"Acoustic Environment, Urban Sounds"
508,/m/06_y0by,Environmental noise,"Acoustic Environment, Urban Sounds, Nature Sounds"
509,/m/07rgkc5,Static,"Technology, Electric Sounds"
510,/m/06xkwv,Mains hum,"Technology, Electric Sounds"
511,/m/0g12c5,Distortion,"Technology, Music"
512,/m/08p9q4,Sidetone,"Technology, Communication Sounds"
513,/m/07szfh9,Cacophony,"Urban Sounds, Human Presence Sounds"
514,/m/0chx_,White noise,"Technology, Acoustic Environment"
515,/m/0cj0r,Pink noise,"Technology, Acoustic Environment"
516,/m/07p_0gm,Throbbing,"Medical Sounds, Mechanical Sounds"
517,/m/01jwx6,Vibration,"Mechanical Sounds, Technology"
518,/m/07c52,Television,"Technology, Media Sounds, Household Sounds"
519,/m/06bz3,Radio,"Technology, Media Sounds, Household Sounds"
520,/m/07hvw1,Field recording,"Recording Techniques, Nature Sounds"